Actual,Predicted
47700.0,51744.0
45800.0,70992.0
500001.0,461540.37
218600.0,255273.0
278000.0,268203.0
158700.0,162987.0
198200.0,226729.02
157500.0,168559.0
340000.0,288998.05
446600.0,484186.71
123200.0,136237.0
253900.0,205601.0
215100.0,176661.0
220500.0,202756.0
219800.0,254069.0
136200.0,169803.0
178400.0,192374.0
187500.0,181692.0
139800.0,161233.0
137500.0,91751.0
425000.0,335964.09
405600.0,459974.4
138800.0,151191.0
500001.0,439950.43
162100.0,182295.0
51400.0,59229.0
151300.0,165416.0
94800.0,101003.0
204100.0,152402.0
361500.0,400090.1
85100.0,92358.0
138400.0,162594.0
137500.0,200926.05
465000.0,458018.42
271800.0,286600.0
239400.0,258714.01
340900.0,333248.05
150400.0,161899.0
128100.0,134176.0
156000.0,174740.0
258100.0,330859.11
90500.0,98521.0
71300.0,120156.0
219700.0,188262.0
151000.0,148545.0
290100.0,214109.0
142000.0,131551.0
291500.0,166778.0
255400.0,248934.01
98100.0,98950.0
251900.0,266230.0
162100.0,195073.0
129400.0,154974.0
89400.0,68332.0
150500.0,141395.0
133800.0,137616.0
80400.0,79526.0
211100.0,234526.0
255600.0,298311.09
214500.0,191198.0
500001.0,357782.11
202100.0,327882.19
81500.0,111833.0
98800.0,110764.0
281900.0,282443.0
184600.0,183401.0
254700.0,138087.01
143100.0,141354.0
162500.0,179452.01
142600.0,157937.01
85900.0,122459.0
186900.0,202950.01
71300.0,91312.0
174400.0,165496.0
225000.0,225044.0
146500.0,177127.0
405000.0,414423.26
189600.0,219455.0
164400.0,175747.0
337500.0,355032.3
72500.0,74353.0
143800.0,191974.01
160000.0,188394.0
118100.0,177508.0
374000.0,441413.44
202700.0,251315.02
96600.0,89934.0
65800.0,74915.0
167400.0,179679.0
179800.0,193853.0
96700.0,118593.0
266100.0,256143.0
91100.0,125572.0
49800.0,49011.0
90700.0,116446.0
115800.0,126041.0
278600.0,430157.32
250000.0,171283.0
85000.0,200016.0
177000.0,172071.0
99700.0,137744.0
357600.0,441192.17
475000.0,319803.12
273600.0,287456.04
182400.0,176246.0
157800.0,178943.0
193800.0,188702.02
333600.0,400785.13
264600.0,258464.0
58400.0,92844.0
173400.0,251486.0
214800.0,251669.01
200000.0,323124.14
422800.0,394099.08
93600.0,116886.0
122200.0,219776.02
167600.0,185567.01
303600.0,290190.06
269300.0,221203.02
264400.0,254737.0
191000.0,207199.0
153800.0,142017.0
275500.0,283968.0
208800.0,223703.01
142300.0,154486.0
63500.0,70002.0
95800.0,104697.0
231700.0,218972.0
221500.0,251305.0
89500.0,101859.0
226000.0,305197.01
500001.0,495363.92
270200.0,273633.0
59600.0,87543.0
193300.0,217125.0
133600.0,119109.0
161900.0,234294.03
357500.0,288062.0
276500.0,251797.0
410700.0,282052.02
375000.0,217719.0
135200.0,138269.0
167200.0,155484.0
252000.0,258361.05
308400.0,412466.17
172100.0,176826.06
500001.0,451869.41
193800.0,245425.05
105200.0,104368.0
90800.0,100234.0
168800.0,205421.0
162100.0,128342.0
161200.0,167109.0
137500.0,151574.0
289300.0,269700.0
278700.0,293597.02
161700.0,188390.0
231000.0,249317.0
87500.0,97212.99
95700.0,101350.0
240600.0,264932.04
214100.0,225651.0
428600.0,393229.01
125000.0,277194.07
76400.0,83586.0
263800.0,300468.0
120400.0,202389.0
109100.0,103381.0
170600.0,213578.01
257400.0,261416.0
320000.0,294322.01
289600.0,267081.02
307300.0,287741.0
325500.0,345927.19
58400.0,61029.0
48500.0,58760.97
216700.0,143070.03
97900.0,93689.0
158600.0,151831.0
69000.0,78386.0
322300.0,321466.0
467700.0,343308.05
163000.0,161693.0
287100.0,274153.01
54600.0,58775.0
90400.0,102922.0
155500.0,169688.0
175000.0,251935.01
411200.0,456822.46
332100.0,287491.01
141200.0,148974.0
247100.0,295556.05
153000.0,151211.0
155000.0,149305.0
390800.0,147167.0
90000.0,76771.0
196700.0,211929.0
68200.0,91129.0
500001.0,500001.0
92100.0,133014.0
297900.0,278063.0
500001.0,442522.19
332300.0,296275.0
171100.0,203437.0
152100.0,198890.03
232000.0,241626.0
127100.0,105923.0
87500.0,117753.98
203400.0,194848.0
228600.0,231849.0
116700.0,108588.0
416700.0,500001.0
227600.0,271908.0
267900.0,316435.01
97200.0,115828.0
137500.0,157884.01
198800.0,182869.0
68600.0,61464.0
352500.0,258661.0
103800.0,109173.0
107800.0,125294.0
131700.0,173308.0
271300.0,271525.0
97300.0,133888.0
95000.0,95865.0
67500.0,183526.0
326100.0,328962.01
65600.0,86327.0
225600.0,259595.01
263800.0,326222.05
348300.0,341308.02
325000.0,326700.0
108800.0,119980.0
400000.0,394867.13
138400.0,131791.0
61000.0,76747.0
453100.0,438898.17
500001.0,499204.97
120200.0,144258.0
329200.0,241192.0
196300.0,256402.0
150000.0,100984.0
152000.0,181308.0
169900.0,184341.0
137500.0,156402.01
283000.0,229785.0
404500.0,366557.32
193500.0,213001.0
205100.0,214607.01
145600.0,145779.0
225000.0,109068.0
215900.0,202249.0
158500.0,148038.0
124700.0,145359.0
65400.0,65808.0
280200.0,248025.0
180500.0,174906.0
105400.0,120251.0
100000.0,136753.01
166300.0,152713.0
158000.0,204490.02
243800.0,258431.0
362900.0,379416.08
201900.0,189155.0
52600.0,68226.0
500001.0,442784.3
112000.0,105615.0
225000.0,277484.08
439900.0,389082.08
88300.0,116744.0
500001.0,500001.0
276800.0,214262.0
179200.0,170956.0
199700.0,187031.0
132000.0,149672.01
61300.0,164908.0
171900.0,227071.0
123800.0,145508.0
135300.0,121141.0
137100.0,182448.0
129300.0,163246.0
227900.0,268515.05
94400.0,115167.0
103500.0,126799.0
320800.0,339839.22
125000.0,397378.37
332400.0,304536.03
159100.0,144222.0
236900.0,290370.0
461600.0,450709.47
156900.0,160943.0
148200.0,87740.0
166500.0,158405.0
196900.0,218462.0
167800.0,191614.0
126700.0,104142.0
500001.0,376202.14
57900.0,63056.0
238000.0,254072.0
142000.0,177024.0
86900.0,100964.0
56000.0,70291.0
500001.0,449864.3
112400.0,127804.0
63600.0,85422.0
431300.0,448469.12
265900.0,191549.0
58000.0,57330.0
194100.0,287042.0
142800.0,186289.0
178700.0,170180.0
187500.0,215681.02
225000.0,197948.0
313000.0,300482.11
500001.0,500001.0
153600.0,165285.0
62300.0,93464.0
194500.0,175607.0
163900.0,166021.0
398800.0,284574.01
204100.0,238181.02
199300.0,300793.05
176700.0,180909.0
500001.0,482147.73
248900.0,204304.0
150000.0,165791.0
231700.0,213691.0
58000.0,111515.0
126000.0,132931.0
163300.0,165761.0
113400.0,122406.0
300000.0,254045.0
310900.0,334485.04
218800.0,209662.01
70400.0,72710.0
237700.0,286041.0
118800.0,119464.0
73100.0,63286.0
75000.0,75554.0
450700.0,449948.47
240200.0,225792.0
65800.0,67780.0
64700.0,78420.98
175100.0,177780.0
223700.0,211669.0
96300.0,118371.0
405100.0,407690.2
376800.0,324245.01
500001.0,499616.97
350000.0,197354.0
162500.0,200335.0
177300.0,188619.0
98400.0,96151.0
138800.0,125834.0
175000.0,279972.03
260900.0,236993.0
104700.0,73984.99
159500.0,201768.0
295900.0,289398.03
137500.0,195064.02
500001.0,428144.35
227000.0,266341.0
263900.0,270506.0
160400.0,142133.0
142000.0,136442.0
162500.0,169599.0
230400.0,219934.0
500001.0,464375.38
217700.0,281225.0
183000.0,186332.0
245800.0,205676.0
129200.0,145970.0
60400.0,65137.0
67500.0,95168.0
295200.0,293010.01
192600.0,215226.0
150600.0,156678.0
125700.0,164003.0
63400.0,85327.0
151300.0,157370.0
245600.0,352032.05
500001.0,488516.67
165500.0,184584.0
113500.0,114810.0
322200.0,325858.07
362500.0,431672.34
69600.0,76357.0
156100.0,149960.0
87500.0,120664.0
193100.0,205092.0
218000.0,208187.0
101800.0,96418.0
129100.0,116189.0
156300.0,80856.0
183200.0,179531.0
148100.0,157639.0
500001.0,500001.0
222100.0,322370.11
167600.0,174478.0
184500.0,218019.0
370000.0,364244.03
239400.0,243286.0
166700.0,166647.0
233300.0,190616.0
240000.0,290074.0
91300.0,105226.0
483500.0,489811.82
150500.0,185073.01
99500.0,113934.0
240200.0,221499.0
95500.0,120177.0
500001.0,498190.96
251600.0,225076.0
120800.0,126769.01
135700.0,133764.0
225400.0,231738.0
500001.0,403072.07
85100.0,116412.0
500001.0,374100.26
164800.0,158382.0
111600.0,133313.0
161000.0,144163.0
213700.0,213713.0
116500.0,128192.0
350000.0,278100.2
159900.0,181692.0
438300.0,264180.0
171100.0,182124.0
271100.0,347544.0
500001.0,269269.01
68000.0,93074.0
191700.0,208774.0
255900.0,251192.0
112500.0,136600.0
182200.0,163807.0
347600.0,325690.02
332000.0,283810.0
110900.0,123412.0
211900.0,199260.0
262500.0,235288.01
237900.0,254232.0
90000.0,123064.0
427200.0,427205.27
370500.0,321910.02
116300.0,124311.0
170800.0,171606.0
285500.0,337722.02
111500.0,124989.0
83200.0,118164.0
248200.0,255210.02
395500.0,361966.04
218300.0,242047.02
500001.0,461150.48
88900.0,92124.0
181000.0,177325.0
280900.0,321234.0
345300.0,314883.05
181000.0,231922.0
192200.0,229229.0
78100.0,65146.0
75000.0,106228.99
433300.0,421076.2
160100.0,150416.0
109200.0,175397.0
96200.0,124327.0
191400.0,160664.0
360000.0,209355.05
185600.0,241133.0
118800.0,106189.0
122700.0,130545.01
206300.0,201457.0
195600.0,137578.0
75600.0,90338.0
104300.0,113730.0
385900.0,407788.24
113900.0,128668.0
79400.0,85413.0
81300.0,67431.0
129200.0,172905.0
73500.0,95631.0
175900.0,181835.0
142400.0,164222.0
234100.0,294615.0
286700.0,333016.0
92500.0,120445.0
170100.0,150203.0
161800.0,155121.0
225300.0,232588.0
170600.0,175309.0
319400.0,316579.03
95800.0,86789.0
73400.0,95484.0
93600.0,103166.0
51700.0,54818.0
358700.0,399290.12
64700.0,71034.0
344200.0,314325.0
314000.0,340659.0
185700.0,233395.0
279300.0,256524.0
119400.0,163411.0
280400.0,289652.02
187100.0,195904.0
83800.0,81385.0
309300.0,259018.02
229200.0,310187.02
245000.0,234389.0
227600.0,308940.08
500001.0,468154.56
320800.0,246220.0
147300.0,141780.0
162300.0,191518.0
265900.0,291718.04
500001.0,431079.44
189100.0,215424.0
316400.0,372858.17
181900.0,175136.0
261500.0,212402.02
69000.0,68126.0
181300.0,294862.06
293000.0,308993.0
111100.0,130663.0
218300.0,213490.0
147200.0,141089.0
243800.0,160341.0
223000.0,217466.0
137500.0,194205.02
60600.0,66450.0
275000.0,173097.07
350000.0,231120.08
171200.0,173383.0
83500.0,91727.0
225000.0,258768.07
165600.0,212153.0
152000.0,159270.0
192000.0,220513.0
254200.0,288737.0
150000.0,107380.0
212500.0,206790.0
80400.0,71011.0
206500.0,247182.0
331100.0,376428.15
201400.0,253709.04
188400.0,183040.0
195400.0,223284.09
442500.0,426588.21
152700.0,188265.0
500001.0,500001.0
239800.0,241219.0
159400.0,119035.0
91800.0,121109.0
240900.0,254349.0
136400.0,140515.0
103600.0,119339.0
132500.0,130533.0
292900.0,310904.01
62800.0,96853.0
112100.0,110720.0
89100.0,88724.0
120700.0,133625.0
471400.0,440444.57
314700.0,374532.29
226400.0,229868.02
409700.0,250657.07
149000.0,138471.0
171700.0,376712.22
235500.0,320254.07
322800.0,314831.12
244500.0,274557.0
162200.0,172502.0
340900.0,378770.09
57400.0,52634.0
198900.0,220617.0
109700.0,185796.0
137500.0,129210.0
85700.0,106306.0
98300.0,92825.0
178200.0,168919.0
137500.0,340907.34
275000.0,346711.0
381500.0,325717.01
500001.0,496242.93
500001.0,484763.74
179200.0,130265.0
204500.0,240458.0
394100.0,412096.17
184400.0,187061.0
174000.0,170804.0
80700.0,94347.0
189600.0,185588.0
60000.0,76704.0
126600.0,108697.0
262500.0,222407.01
139200.0,149692.0
51300.0,51375.0
229200.0,264453.0
101100.0,129768.0
97700.0,105013.0
158300.0,145855.0
349100.0,375549.01
85500.0,91162.0
214100.0,234644.02
227100.0,236436.0
155700.0,144389.0
66800.0,77886.0
207300.0,217675.0
222800.0,214293.0
354500.0,395783.07
340500.0,380413.11
52900.0,63810.0
140600.0,172168.0
150800.0,176864.0
56100.0,58057.0
259600.0,283544.03
318900.0,299661.0
148400.0,184019.0
289900.0,210467.0
161800.0,239859.01
255000.0,241658.01
87500.0,127458.0
245000.0,331415.01
305000.0,334727.02
215000.0,226406.0
249000.0,309851.03
500001.0,500001.0
320000.0,337485.08
174000.0,177574.0
292500.0,258767.0
500001.0,450718.5
289900.0,325871.08
438400.0,380496.19
182000.0,206954.0
170500.0,183752.0
69200.0,75465.0
95600.0,130648.01
272800.0,341070.05
81300.0,148775.0
272400.0,283204.0
152600.0,163164.0
55900.0,77619.0
213500.0,245472.0
331300.0,128610.0
201800.0,201091.0
57100.0,77780.0
331800.0,396261.09
365900.0,240752.0
127500.0,105954.0
111800.0,107424.0
353700.0,289271.02
229300.0,243151.01
87500.0,91584.0
237500.0,222582.01
113300.0,90533.0
112500.0,107276.0
138500.0,110183.0
307400.0,335027.03
100900.0,102861.0
97800.0,90602.0
176700.0,230192.0
218000.0,164091.0
290600.0,178935.0
157700.0,195357.0
348000.0,348719.01
67200.0,98900.0
260400.0,251594.0
123600.0,124009.0
67500.0,60861.0
130700.0,145469.0
66000.0,79549.0
166600.0,183520.0
225600.0,254880.03
257100.0,215519.0
500001.0,490170.48
113900.0,115311.0
91000.0,127318.0
217400.0,163237.0
96000.0,111565.0
129200.0,120040.0
350200.0,337457.01
442100.0,491894.54
222900.0,156828.0
81300.0,84850.0
160600.0,162396.0
500001.0,360647.15
341200.0,359631.06
287900.0,281448.01
344700.0,390515.13
180000.0,190370.0
167800.0,248225.04
55000.0,84513.0
50800.0,52094.0
142600.0,183012.0
235800.0,215449.03
112700.0,141796.0
210200.0,215531.0
210700.0,147771.0
65400.0,70670.0
162500.0,175514.0
150300.0,158949.0
500001.0,452430.52
101400.0,120546.0
221800.0,236213.04
260300.0,242617.0
178800.0,181817.0
170400.0,182703.0
319400.0,368453.06
190600.0,169899.0
184100.0,229413.0
191100.0,202319.0
149600.0,166883.0
500001.0,417111.25
183400.0,189399.0
444100.0,381411.04
242700.0,248281.0
76200.0,99332.0
132900.0,137921.0
409800.0,284519.01
112500.0,93643.0
376600.0,346997.04
50500.0,83153.0
500001.0,384223.1
209500.0,184521.0
77800.0,86632.0
299700.0,303838.01
375000.0,216039.0
156500.0,115714.0
240000.0,283237.06
77200.0,90738.0
98500.0,76161.0
500001.0,405075.32
110400.0,141079.0
86400.0,101399.0
230400.0,249941.0
163900.0,160056.0
500001.0,466845.57
49500.0,71562.0
107400.0,127372.0
362500.0,181629.0
145000.0,142662.0
218500.0,245241.01
130100.0,150842.0
146000.0,164768.0
152500.0,117054.0
457200.0,460200.51
165200.0,178475.0
394700.0,353838.02
144400.0,170850.0
136600.0,103238.0
216400.0,211194.0
139000.0,148110.0
103800.0,110946.0
488500.0,407205.31
227100.0,242011.05
238000.0,215409.01
215600.0,294953.01
292300.0,364472.08
145900.0,136717.0
187300.0,190110.0
185400.0,167483.0
280000.0,227687.01
141100.0,135901.0
190900.0,187869.0
262500.0,198281.01
442000.0,395169.24
274800.0,284135.0
85500.0,78157.0
231800.0,261100.0
302000.0,293670.01
235800.0,261714.0
72200.0,98556.0
182400.0,171393.0
500001.0,462630.33
78700.0,69670.0
181300.0,210126.0
198000.0,218070.0
199600.0,193647.0
63300.0,89017.0
94000.0,144651.0
186800.0,185803.0
117000.0,130083.0
117800.0,116155.0
121000.0,149536.0
230900.0,283333.03
427300.0,376409.02
128100.0,164876.0
384700.0,385672.45
290400.0,289662.0
91300.0,118380.0
61900.0,65270.96
232200.0,300350.0
129600.0,127947.0
127500.0,112854.0
150500.0,167777.0
187500.0,156283.0
437900.0,449511.35
126500.0,172859.0
453400.0,453144.39
229400.0,212434.0
364900.0,350278.0
191900.0,175617.0
87500.0,148311.01
30000.0,85692.0
335700.0,315876.14
242100.0,202654.0
173700.0,199690.0
54100.0,57188.0
207800.0,226232.0
112500.0,68782.0
166700.0,169929.0
271800.0,336723.05
141100.0,148806.0
375000.0,210225.06
161600.0,165397.01
159400.0,181418.0
86300.0,110959.0
256300.0,259286.0
213200.0,206004.0
254100.0,220717.0
132600.0,154412.0
169300.0,220752.22
347700.0,371082.0
159700.0,173134.0
90900.0,129219.0
290500.0,288084.0
189900.0,212389.0
495600.0,497236.92
333300.0,366977.06
183800.0,170317.0
189000.0,195774.0
157500.0,126576.0
66600.0,62609.0
132400.0,138987.0
156000.0,209022.0
348100.0,355027.05
226400.0,264625.0
74200.0,65497.99
158300.0,177268.01
500001.0,498997.99
165500.0,181588.0
329500.0,253105.0
139600.0,154146.0
152900.0,149258.0
367300.0,304263.12
70000.0,88545.0
97400.0,128966.0
65900.0,85110.0
49300.0,52047.0
154100.0,179605.0
272800.0,218534.0
247100.0,297276.01
268800.0,192710.0
247600.0,257478.0
416800.0,357981.11
121600.0,123151.0
171700.0,162985.0
173800.0,216988.0
235600.0,275301.07
260100.0,297353.0
200000.0,203328.0
296600.0,249882.0
374600.0,231093.0
177800.0,233597.01
269500.0,296702.0
62000.0,72333.0
197600.0,228510.0
52700.0,65935.0
191400.0,191952.0
317700.0,319960.0
329400.0,262255.0
330700.0,402584.23
187400.0,227361.01
286500.0,255338.0
500001.0,141781.0
133900.0,152218.0
199800.0,276164.0
45000.0,68068.0
354600.0,336294.01
263800.0,340019.02
278400.0,221883.0
160400.0,134988.0
241300.0,250679.0
208300.0,202086.0
263600.0,273226.0
145000.0,162837.0
132500.0,142700.0
183800.0,170326.0
81100.0,75438.0
176500.0,188339.0
255500.0,231699.0
166100.0,213803.0
102000.0,135223.0
86100.0,92521.0
100600.0,85945.0
500000.0,375485.1
209900.0,291671.04
52500.0,65720.0
262900.0,212247.0
158800.0,136650.0
209500.0,151004.0
350000.0,178239.0
217100.0,203214.0
141400.0,109075.0
93400.0,130103.0
198200.0,178418.0
187200.0,153831.0
185300.0,197656.0
500001.0,365262.4
281300.0,323594.26
103600.0,104744.0
287900.0,353375.13
208300.0,220976.0
175000.0,307563.06
132700.0,126013.01
172000.0,177691.0
500001.0,485719.43
64000.0,75152.0
227900.0,216943.0
63100.0,61494.0
84100.0,86951.0
339200.0,284633.02
156300.0,119298.0
383600.0,373265.16
137100.0,150853.0
56800.0,68444.0
70000.0,91466.0
96300.0,77990.0
92600.0,124115.0
359100.0,324836.03
158700.0,169692.0
500001.0,408944.16
114600.0,180411.0
410200.0,375339.03
281900.0,227951.0
101700.0,115811.0
169300.0,184742.0
207800.0,248870.0
327200.0,373541.05
277900.0,328389.0
111400.0,101317.0
80600.0,98399.0
207500.0,267710.08
275300.0,260035.0
421000.0,330133.01
128800.0,138094.0
313900.0,265279.0
67600.0,77474.0
64400.0,79831.0
153900.0,161026.0
130700.0,132295.0
238500.0,250625.03
379600.0,341712.01
146500.0,179246.04
150300.0,255636.0
80300.0,90916.01
293300.0,129502.0
288000.0,280113.02
144100.0,151973.0
127000.0,137125.0
152100.0,185958.0
156800.0,137110.0
104900.0,106042.0
500001.0,499694.99
134400.0,141194.0
500001.0,498926.99
272800.0,306821.04
151600.0,99872.0
362600.0,331297.0
169200.0,194339.0
140400.0,214250.02
43700.0,49400.0
136000.0,191880.0
264400.0,250028.0
152200.0,185601.0
137500.0,240583.02
214700.0,181805.02
170900.0,201262.0
236200.0,235867.0
297800.0,288972.0
88500.0,108729.0
127600.0,129594.0
80200.0,95159.0
306000.0,343673.01
436400.0,283795.01
238900.0,234088.0
231700.0,293216.0
122900.0,130199.0
218200.0,228575.0
397000.0,497800.97
260300.0,181044.0
435700.0,398153.06
164000.0,201456.0
440500.0,308763.0
85400.0,94625.0
101900.0,101183.0
159400.0,203535.0
190300.0,292208.0
100000.0,81669.0
139600.0,158314.0
500001.0,500001.0
154500.0,244169.0
170500.0,204666.0
110600.0,116036.0
191200.0,249487.0
287200.0,418904.47
150100.0,144897.0
238300.0,219285.0
154200.0,267478.05
280500.0,252488.0
161900.0,174322.0
265600.0,289139.01
122700.0,153484.0
231200.0,245301.0
319100.0,299621.0
231300.0,198301.0
500001.0,477490.61
121200.0,112378.0
222500.0,245977.0
450000.0,240114.0
102100.0,101086.0
201200.0,183311.0
104200.0,107829.0
500001.0,500001.0
132000.0,138924.0
221100.0,244772.01
151600.0,129155.0
146900.0,189868.0
151200.0,184137.0
165100.0,174961.0
213600.0,214317.0
213500.0,215507.0
500001.0,441515.25
438000.0,389797.04
183800.0,187478.0
350000.0,420948.27
159300.0,141710.0
129100.0,137894.0
76600.0,66400.0
225000.0,214660.0
230800.0,205862.0
431800.0,435460.26
191000.0,288322.04
84700.0,95853.01
152500.0,142208.0
67600.0,73139.0
198200.0,203312.0
306300.0,238863.0
122100.0,129823.0
276100.0,195172.0
103000.0,107967.0
409100.0,338013.02
135200.0,141994.0
121600.0,105010.0
182800.0,166771.0
228000.0,219180.0
110000.0,114372.0
111200.0,103662.0
84700.0,70049.0
447300.0,415223.15
88300.0,89390.0
87100.0,82716.01
187500.0,217630.0
146900.0,164991.0
103100.0,126806.0
343700.0,398019.05
98200.0,132113.0
262500.0,180576.0
77400.0,90753.0
135100.0,136078.0
134700.0,133210.0
231300.0,155033.01
158600.0,169048.0
101600.0,102173.0
122000.0,154874.0
380000.0,362293.1
189400.0,160231.0
440000.0,325531.04
70000.0,91141.0
70000.0,64433.0
333500.0,353923.03
101800.0,118918.0
500001.0,500001.0
360500.0,322697.03
169500.0,185927.0
205600.0,179213.0
166300.0,202998.0
32500.0,102133.0
362700.0,296830.01
174500.0,151438.0
197600.0,186494.0
183000.0,197278.0
158300.0,199640.0
100200.0,131669.0
87500.0,65643.0
461100.0,368002.15
190200.0,271295.03
232300.0,191954.0
221600.0,254018.0
226900.0,298019.18
224200.0,223693.02
119800.0,120226.0
78200.0,91458.0
165100.0,154042.0
213900.0,335614.11
69700.0,73102.0
105800.0,116073.0
75000.0,76497.0
91700.0,109776.0
269500.0,303361.04
68200.0,69467.0
165800.0,207529.0
154600.0,185763.0
472700.0,385779.12
345900.0,390941.1
230700.0,250027.0
300000.0,234847.0
249400.0,189229.0
435700.0,416517.12
225800.0,215216.0
175000.0,211462.04
178400.0,157681.01
276000.0,229540.0
115900.0,113255.0
214300.0,124503.0
118300.0,92992.0
500001.0,346872.03
152100.0,262477.01
140400.0,147750.0
222600.0,210549.01
444500.0,319817.04
500000.0,407639.23
163300.0,126600.0
193800.0,248535.07
90500.0,100893.0
115200.0,131992.0
147000.0,129802.0
273900.0,252043.0
190900.0,168791.0
74800.0,77643.0
500001.0,279800.1
118500.0,126684.0
500001.0,195528.01
55000.0,192461.03
58400.0,90773.0
95800.0,108941.0
99200.0,113791.0
167400.0,347044.18
70500.0,87640.0
67500.0,77657.0
75700.0,97531.0
183000.0,262687.0
500001.0,500001.0
97300.0,103728.0
230000.0,268447.0
82900.0,106776.0
52200.0,65467.0
114800.0,126730.0
88000.0,103524.0
224200.0,166658.0
150000.0,159572.0
341700.0,327737.0
181700.0,194517.01
140600.0,205899.0
72700.0,71073.0
210900.0,218154.0
97700.0,130126.0
109700.0,108795.0
165600.0,256714.0
230600.0,216108.0
163800.0,206826.0
95800.0,68112.0
48100.0,66229.0
44400.0,51282.0
237900.0,239330.0
284800.0,376313.12
164800.0,146932.0
200000.0,170211.0
77800.0,88863.99
186000.0,196992.0
169700.0,167148.0
418800.0,284079.01
73300.0,77043.99
87000.0,120376.0
168200.0,200016.0
154300.0,172018.0
225000.0,388848.18
333000.0,317144.0
225900.0,218112.0
138100.0,144298.0
112700.0,115442.0
231600.0,233081.01
419100.0,308433.0
221100.0,217940.0
155400.0,164685.0
151700.0,184734.0
248900.0,344638.08
153200.0,134659.0
126500.0,128462.0
240000.0,234107.02
186100.0,195267.0
500001.0,450043.38
181600.0,178897.0
178100.0,248472.01
69200.0,76919.0
66800.0,83042.0
500001.0,498425.97
181300.0,169689.0
396400.0,420154.22
187500.0,214174.01
297900.0,319452.05
345400.0,298360.01
245100.0,257964.03
105500.0,112374.0
101100.0,79911.0
141700.0,187055.0
430900.0,313827.06
286300.0,280226.01
113000.0,110442.0
466700.0,419973.26
168600.0,191319.0
360500.0,252273.02
256400.0,262795.0
113900.0,126971.0
350400.0,407141.21
209100.0,207169.0
131500.0,200070.0
216700.0,201274.0
101300.0,147737.02
202800.0,198448.0
117600.0,131250.0
292600.0,309126.01
500001.0,500001.0
130300.0,124310.0
92400.0,90428.0
112500.0,104516.0
154200.0,215013.0
104000.0,109949.0
121600.0,168421.0
206300.0,203341.0
108300.0,122595.0
349400.0,344733.0
83300.0,88568.0
245800.0,235825.0
91500.0,176759.0
500001.0,499628.99
500001.0,421618.29
190500.0,150533.0
108300.0,97163.0
89600.0,119659.0
500001.0,500001.0
94600.0,139917.0
67500.0,367693.08
177500.0,181424.0
261300.0,287944.0
500001.0,312338.07
168400.0,241683.01
245300.0,253285.0
240000.0,278831.01
156500.0,130663.0
500001.0,297077.15
235600.0,235183.0
185600.0,190241.0
316700.0,212085.01
118800.0,94325.0
248500.0,298734.0
236500.0,215257.0
94600.0,102675.0
176800.0,168099.0
148600.0,186612.0
195300.0,184165.0
215900.0,208890.0
126600.0,143253.0
173900.0,221266.0
183000.0,199696.09
74300.0,85198.0
224700.0,201067.0
101600.0,96775.0
391000.0,351214.03
265000.0,168166.0
500001.0,496964.94
186500.0,223100.0
78000.0,93945.0
80800.0,100069.0
189600.0,238818.0
199200.0,218870.0
189600.0,205917.0
160000.0,157973.0
375300.0,356977.03
166700.0,155003.0
215600.0,227392.01
228600.0,226866.0
171300.0,173840.0
431000.0,433077.33
275100.0,285059.0
276800.0,373154.29
46300.0,55848.0
144000.0,137880.0
94300.0,81105.0
157600.0,161010.0
194500.0,201394.0
351100.0,236386.0
453400.0,348658.09
224600.0,229991.0
155600.0,169418.0
242000.0,421985.36
70000.0,82132.0
71300.0,102313.0
66800.0,83151.0
153100.0,267607.11
137500.0,174558.0
230400.0,222741.0
242200.0,283363.0
301900.0,266831.0
415800.0,294063.01
156500.0,175216.0
78600.0,88755.0
441400.0,400375.11
184300.0,213457.0
276500.0,364966.14
232800.0,186188.0
60400.0,74041.0
224100.0,227145.0
439000.0,322710.09
123100.0,109610.0
255700.0,268118.01
57600.0,61464.0
199800.0,226025.0
51300.0,53225.0
348200.0,327712.13
362800.0,360218.09
240300.0,267242.01
73600.0,71486.0
172600.0,163332.0
229000.0,253065.0
166300.0,188058.0
83300.0,139617.01
500001.0,490557.83
332900.0,319423.0
54300.0,56277.0
241700.0,208538.01
387500.0,345107.03
136400.0,153786.0
98300.0,216007.0
176000.0,206919.0
63000.0,58114.0
236900.0,224307.0
97200.0,131463.0
220000.0,190843.07
105800.0,141679.02
270900.0,269560.01
99400.0,97579.0
166300.0,159458.0
143800.0,153237.0
140600.0,137946.0
330900.0,326992.02
156900.0,182793.0
500001.0,377800.2
162500.0,202665.14
124800.0,143040.0
216100.0,130799.0
171400.0,176119.0
325600.0,353826.02
109800.0,85647.0
276200.0,299397.02
129900.0,151976.0
292300.0,261675.0
341500.0,329380.14
66800.0,82584.0
238800.0,246596.01
77400.0,119027.0
82400.0,81121.0
359900.0,381757.24
465700.0,443856.49
214000.0,228259.0
107100.0,96067.0
157800.0,175129.0
119300.0,120971.0
232900.0,235274.0
179500.0,205400.0
70100.0,69892.0
55000.0,197493.07
65900.0,74276.0
99600.0,99978.0
500001.0,477788.48
164100.0,239841.02
77000.0,99569.0
140300.0,158135.0
172900.0,148268.0
500001.0,367631.12
314300.0,213572.02
500001.0,405619.18
500001.0,500001.0
143000.0,160290.0
280600.0,271424.01
375000.0,373787.17
137500.0,179462.0
337100.0,323199.0
128000.0,135129.0
185400.0,174404.0
63000.0,74302.0
109500.0,204728.01
400000.0,185672.02
151900.0,219021.01
56300.0,75291.99
102500.0,77675.0
225000.0,246013.0
145500.0,178047.0
363100.0,225802.0
249000.0,216928.0
415300.0,361027.09
267400.0,247804.0
75000.0,77175.0
250000.0,274585.0
161800.0,131519.0
97500.0,94589.0
111500.0,142726.0
87300.0,93617.0
272900.0,316235.04
124400.0,107176.0
228700.0,296653.05
229500.0,230186.03
162500.0,157995.0
80000.0,158337.0
118800.0,107006.0
244200.0,266772.0
187500.0,191542.0
246000.0,226961.0
102600.0,103061.0
116700.0,99372.0
137500.0,216187.13
171900.0,234239.0
103100.0,115499.0
239100.0,260360.0
194000.0,195121.0
219900.0,252096.03
380000.0,437016.54
155700.0,169173.0
89900.0,87973.0
89300.0,116442.0
55000.0,93859.0
49800.0,54080.0
146400.0,167240.0
278000.0,299009.02
288700.0,346448.03
129200.0,182154.0
221600.0,215038.0
85600.0,207248.0
160400.0,156456.0
57600.0,77117.0
348500.0,357899.06
199400.0,244638.0
97100.0,104507.0
58100.0,67125.0
301000.0,292216.05
74200.0,178576.0
249400.0,312228.19
267000.0,291244.0
119900.0,113310.0
77700.0,77084.0
143400.0,90912.0
61200.0,78429.0
206800.0,227130.0
328200.0,335417.03
360600.0,357387.07
107800.0,92115.0
51500.0,56031.0
67500.0,114891.0
184100.0,161271.0
200000.0,154684.02
354000.0,228781.03
393800.0,341190.06
132100.0,140772.0
306500.0,285118.0
134900.0,139519.0
319300.0,358698.07
303900.0,338103.0
350000.0,160160.0
231200.0,262996.02
131300.0,150562.0
120800.0,119072.0
135200.0,95427.0
68900.0,68839.0
425000.0,245685.01
160500.0,188041.0
151000.0,173030.01
349500.0,432485.34
60200.0,71136.0
396400.0,291821.06
278500.0,314711.19
239300.0,138468.0
224900.0,255100.02
91300.0,95155.0
111400.0,128154.0
150800.0,132515.0
64700.0,75726.0
358800.0,330963.02
232800.0,211294.0
54400.0,99994.0
98200.0,108960.0
225800.0,177609.0
116100.0,132532.0
196400.0,233809.04
123200.0,75692.0
156400.0,179303.0
166800.0,173500.0
215900.0,216106.0
117300.0,153837.0
243200.0,181544.0
72900.0,90969.0
191700.0,201707.0
60000.0,209019.06
195400.0,188342.0
111600.0,127736.01
268500.0,271877.0
260000.0,257390.0
89400.0,117918.0
235200.0,381550.03
386100.0,316472.02
187500.0,142875.03
223400.0,249344.0
120300.0,152045.0
135800.0,130626.0
307400.0,356266.04
326800.0,250079.08
70300.0,88361.0
68200.0,92257.0
114600.0,115712.0
177200.0,195369.0
81900.0,98525.0
90600.0,119376.0
56800.0,64584.0
323800.0,322780.0
244400.0,137384.0
144300.0,168042.0
164200.0,158786.0
237600.0,297889.0
243000.0,237486.03
83300.0,80422.0
87500.0,140744.11
131700.0,123278.0
47000.0,60643.0
195300.0,221557.0
184100.0,219792.0
128800.0,119706.0
118200.0,111277.0
212800.0,163678.0
141300.0,136169.0
227100.0,279706.07
80800.0,139187.0
201300.0,170446.01
183300.0,206654.0
155000.0,144453.0
143800.0,150884.01
137500.0,266562.05
280100.0,194584.0
245900.0,210175.0
243600.0,297869.03
103000.0,135344.0
103800.0,110027.0
235900.0,186689.0
161900.0,212114.0
394400.0,398260.1
145800.0,83475.0
184800.0,195913.0
242300.0,249158.0
335500.0,245918.0
165500.0,135442.0
204800.0,355369.25
159700.0,134327.0
169100.0,120819.0
478600.0,380921.12
258900.0,225481.02
324000.0,312374.01
103100.0,92209.0
138100.0,120687.0
91600.0,94528.0
228900.0,330072.05
138800.0,132409.0
252200.0,248818.0
420300.0,425031.32
243600.0,216412.0
142100.0,153703.0
67500.0,68625.0
92800.0,116371.0
190800.0,224380.0
223900.0,225093.0
143400.0,154777.0
132700.0,112922.0
99000.0,92864.0
67700.0,71302.0
227400.0,241629.0
228600.0,252216.0
135800.0,142842.0
362100.0,377781.06
281300.0,266215.0
500001.0,500001.0
90600.0,130149.02
66300.0,94249.0
150200.0,134192.0
170300.0,182830.0
99300.0,157885.0
322900.0,350414.11
213200.0,137493.0
217000.0,222733.0
267900.0,187491.0
206300.0,194644.01
376800.0,278463.0
87500.0,83668.0
304700.0,248436.0
460200.0,368854.26
128500.0,98983.0
284600.0,353941.08
119600.0,165234.0
208600.0,191025.0
117500.0,303939.07
66900.0,64260.0
204800.0,165686.0
74600.0,88173.0
109100.0,112702.0
114300.0,137012.0
308300.0,339373.04
113000.0,94424.0
91700.0,82645.0
134200.0,129344.0
425000.0,337991.1
53900.0,57518.0
310600.0,249786.0
241700.0,304977.27
226800.0,245810.0
100800.0,117166.0
238000.0,241210.02
245500.0,270219.01
156500.0,161600.0
115600.0,163114.0
66400.0,73644.0
58800.0,63158.0
223600.0,203043.01
169300.0,198436.0
166700.0,144207.0
225000.0,205820.0
72600.0,87421.0
160300.0,183626.0
147500.0,129645.0
91200.0,198722.01
208300.0,140100.0
335300.0,333439.01
58000.0,87133.0
226500.0,262692.0
345200.0,378915.15
106800.0,82165.0
500001.0,166703.99
275000.0,271988.03
95800.0,110759.0
97200.0,139931.01
155000.0,125372.0
400000.0,376058.17
500001.0,302471.09
304300.0,294513.02
359200.0,350283.12
144700.0,160066.0
352800.0,311962.02
355600.0,289750.01
99100.0,118083.0
250400.0,233103.0
105600.0,105852.0
500001.0,452236.33
162000.0,178610.0
272200.0,286917.03
245900.0,362146.06
183300.0,189854.0
220700.0,281912.01
161000.0,172344.0
303900.0,309100.0
266200.0,224340.0
90100.0,80233.0
87500.0,114201.0
209400.0,145425.0
188700.0,208087.0
101400.0,116200.0
387500.0,391653.1
359100.0,305926.07
327300.0,348647.04
279200.0,295726.01
233600.0,275630.01
163500.0,235982.0
124200.0,194321.0
450000.0,441776.25
111900.0,122426.0
90800.0,102808.0
120600.0,161395.0
483800.0,399333.2
366700.0,432158.7
201000.0,233060.01
333600.0,312787.0
362500.0,214663.01
170100.0,171408.0
246700.0,245222.0
161200.0,150664.0
147000.0,125589.0
117900.0,171836.0
111300.0,117843.0
266500.0,246331.0
113500.0,116899.0
329100.0,342206.05
500001.0,492744.84
236500.0,169923.0
122200.0,105531.0
81900.0,91749.0
386400.0,341559.0
184800.0,186752.0
160700.0,185629.0
101600.0,86925.0
424000.0,371856.13
262500.0,237010.0
369400.0,274895.0
115100.0,140891.0
281700.0,282089.06
98100.0,132194.0
131100.0,167218.0
251800.0,239515.01
232700.0,240185.05
139200.0,131683.0
71500.0,77374.0
340500.0,285066.04
270800.0,213532.0
155600.0,173792.0
89200.0,87246.0
167000.0,178124.0
103100.0,105596.0
180500.0,190010.0
51200.0,69195.0
204600.0,194077.0
387200.0,228236.0
162500.0,147783.0
120400.0,121433.0
139700.0,150949.0
98200.0,90195.0
269400.0,287440.0
269100.0,282153.0
500001.0,322921.03
49600.0,70529.0
58000.0,89797.0
65900.0,65430.0
175400.0,183182.0
391800.0,365572.07
280800.0,277161.0
90700.0,113819.0
500001.0,500001.0
92300.0,89418.0
227100.0,230931.0
162500.0,131115.0
290900.0,286837.0
183100.0,186681.0
283200.0,338868.13
177400.0,287612.08
238700.0,286386.01
321300.0,321208.0
261500.0,275100.01
99300.0,109561.0
226100.0,255489.0
51700.0,49439.0
156900.0,147693.0
160900.0,168263.0
222400.0,275172.03
305200.0,277455.02
138800.0,143053.0
230700.0,243684.0
94300.0,96136.0
97200.0,105951.0
382100.0,261550.01
193200.0,212550.0
209500.0,204940.0
231400.0,160730.0
89300.0,115283.0
196100.0,202242.0
113500.0,111856.0
178400.0,248067.01
406500.0,366530.01
228200.0,239517.0
234800.0,280597.0
231300.0,189357.0
500001.0,457916.59
184100.0,179976.01
213700.0,205131.0
500001.0,451109.37
169200.0,181211.0
232400.0,230819.0
351700.0,393800.27
234600.0,221097.0
112500.0,238207.01
145200.0,148752.0
87200.0,99830.0
53500.0,68063.0
43800.0,69300.0
94200.0,74718.0
218800.0,142582.01
191900.0,191352.0
132200.0,103379.0
46800.0,49845.0
149700.0,256877.0
126300.0,125910.0
255900.0,293472.0
94500.0,93565.0
237100.0,224525.0
500001.0,472866.5
87500.0,108355.0
126600.0,100400.0
245100.0,229087.0
157400.0,203107.0
78400.0,78835.0
218100.0,188814.0
350000.0,197529.0
198400.0,202217.0
143900.0,144289.0
337900.0,340891.06
76300.0,119393.0
160100.0,163523.0
130600.0,139632.0
112500.0,128100.0
329200.0,229750.0
233300.0,255028.0
99200.0,115783.0
197900.0,198421.0
204100.0,238706.0
350000.0,258933.06
62100.0,67732.0
140400.0,185152.0
152100.0,282622.01
130500.0,99135.0
195100.0,181128.0
199500.0,214966.03
137500.0,123597.0
275000.0,219392.0
122900.0,155286.0
109000.0,139477.0
121700.0,103677.0
302000.0,330807.06
241700.0,209467.0
153200.0,171953.0
169300.0,260572.03
358500.0,411811.16
175000.0,177506.0
112500.0,140331.0
376000.0,358623.03
118800.0,126912.0
401000.0,378240.18
107900.0,103281.0
339700.0,332979.0
158000.0,165126.0
468800.0,383888.05
63100.0,67750.0
184600.0,186855.0
189700.0,212755.0
190900.0,234239.0
67500.0,133380.0
85300.0,100126.0
173600.0,210545.0
129700.0,123758.0
181000.0,193568.01
500001.0,500001.0
376200.0,406797.21
243000.0,257371.0
148200.0,128371.0
238100.0,262955.01
450000.0,356510.18
240000.0,245401.0
500001.0,204792.0
274100.0,273652.02
190100.0,217086.02
268400.0,263807.0
349300.0,261594.0
275700.0,286868.01
182800.0,283846.31
500001.0,496958.74
213200.0,230059.0
179500.0,193662.0
138500.0,153216.0
181300.0,137797.0
340500.0,350213.05
225000.0,186771.0
68300.0,91143.0
237900.0,253962.0
149700.0,152906.0
125800.0,134572.0
87600.0,114727.0
125000.0,145071.0
168800.0,99858.0
135000.0,139988.0
86300.0,93733.0
64900.0,86707.0
106300.0,231927.04
285700.0,295205.0
272400.0,313484.02
217700.0,226852.0
91800.0,98565.0
163000.0,161627.0
195100.0,170043.0
32500.0,87835.0
275300.0,192058.0
136900.0,130490.0
194100.0,187262.0
230200.0,199225.0
143600.0,132981.0
39600.0,48969.0
59800.0,66109.0
210700.0,200245.0
156300.0,109744.0
215600.0,216991.0
177500.0,155205.0
218900.0,185076.0
128400.0,127047.0
190600.0,197834.0
398300.0,428116.26
367100.0,212310.0
122500.0,136505.0
376100.0,175940.0
157600.0,170733.0
178100.0,132496.0
72400.0,85422.0
287600.0,220779.0
175000.0,141745.0
280800.0,215060.0
160500.0,200807.0
158600.0,137020.0
144300.0,158662.0
136300.0,143172.0
218200.0,200339.0
466400.0,436710.44
386100.0,479362.47
251200.0,242723.0
190400.0,170131.0
223100.0,222538.0
361000.0,273482.0
275000.0,118068.0
70800.0,107147.0
460000.0,342061.04
67500.0,72861.0
225000.0,118228.0
176100.0,203498.0
52400.0,62406.99
167600.0,173040.0
99700.0,115810.0
88900.0,102643.0
223700.0,222547.0
180500.0,193062.0
93200.0,101669.0
173800.0,175471.0
490800.0,461660.73
104200.0,104690.0
276100.0,301698.0
254700.0,290510.0
212300.0,217295.0
87500.0,70307.0
94200.0,89895.0
163500.0,217448.0
500001.0,302628.16
125000.0,176116.0
182300.0,146489.0
111700.0,130480.0
146000.0,181396.0
500001.0,475272.74
320500.0,233337.0
48000.0,52097.0
168800.0,225842.0
67500.0,72316.0
173100.0,171784.0
150000.0,89173.0
329200.0,338502.04
141000.0,154501.0
378000.0,371441.14
80200.0,78685.0
203300.0,212406.0
394900.0,426305.15
84500.0,109165.0
327300.0,303248.0
201200.0,191284.0
162500.0,258411.01
266000.0,331808.16
221200.0,221710.01
176500.0,212919.0
206300.0,193886.0
500001.0,419783.54
186700.0,163437.0
112500.0,208782.02
90500.0,80946.0
190800.0,200524.0
198800.0,135179.0
165600.0,202857.01
500001.0,479179.7
145700.0,174705.0
91300.0,104582.0
140400.0,170145.02
191700.0,182087.0
61100.0,62312.0
153000.0,129603.0
85500.0,71841.0
164500.0,184988.0
386200.0,404781.4
341300.0,346729.04
246400.0,265739.0
121800.0,146040.0
132500.0,166139.0
98000.0,98415.0
241400.0,193508.0
171300.0,229805.0
120100.0,130048.0
500001.0,500001.0
192700.0,184974.0
232800.0,194381.0
191800.0,247955.0
196300.0,220110.0
293900.0,332143.04
84600.0,90130.0
500001.0,477704.64
500001.0,449565.42
107300.0,147105.0
150000.0,249018.0
204200.0,211708.01
268300.0,285820.0
103500.0,96986.0
161500.0,155907.0
222400.0,209417.0
166900.0,168833.0
229200.0,221316.0
205900.0,246961.0
95500.0,59134.0
162500.0,167124.0
240700.0,244672.0
82800.0,80468.0
230200.0,145550.0
185900.0,203645.0
105800.0,127566.0
118800.0,136525.0
194400.0,191539.0
183300.0,167482.0
292500.0,197309.0
144200.0,150126.0
500001.0,392045.15
134200.0,152111.0
52800.0,52615.0
188700.0,191742.0
204000.0,197518.01
179500.0,177726.0
98900.0,92804.0
279900.0,257831.0
327700.0,273481.0
208000.0,202634.0
208300.0,191943.0
112500.0,145824.0
234700.0,296571.01
214500.0,188760.0
338500.0,378147.1
500001.0,500001.0
284100.0,204559.07
500001.0,452588.53
181300.0,183853.0
125000.0,115083.0
412500.0,314965.02
112500.0,74480.0
90300.0,64663.0
96000.0,117767.0
142500.0,138023.0
266300.0,262212.02
165000.0,159118.0
118000.0,137370.0
156400.0,172181.0
426800.0,490201.87
308600.0,296994.0
239200.0,125609.0
109400.0,124708.0
66600.0,74880.0
368500.0,344290.2
330500.0,343876.01
273600.0,289291.0
500001.0,499251.99
321100.0,339750.03
242600.0,183126.0
231900.0,231962.0
151400.0,205767.0
227800.0,171079.0
380000.0,429710.19
95200.0,106849.0
193900.0,183899.0
260700.0,221240.0
191000.0,170567.0
64900.0,73475.0
128300.0,144776.0
189800.0,190103.0
183300.0,175709.0
151800.0,99327.0
257300.0,202950.0
137500.0,91784.95
125000.0,85740.0
218100.0,182594.0
168100.0,172932.0
231800.0,182010.0
149000.0,101908.0
170300.0,201887.0
391300.0,249869.0
282300.0,312316.02
500001.0,441070.3
135400.0,149935.0
328400.0,339344.03
350000.0,194417.02
182300.0,200613.0
500001.0,499831.99
192000.0,176783.0
240800.0,302093.02
175000.0,214386.0
126400.0,120901.0
125900.0,128388.0
194700.0,196026.0
341800.0,371091.17
211900.0,167765.0
137500.0,82652.0
270600.0,277906.02
172300.0,210836.0
262100.0,195593.0
149100.0,163909.0
339100.0,302409.01
248600.0,264551.0
128700.0,180498.0
343900.0,221803.0
175000.0,148289.0
287500.0,317777.06
143600.0,161529.0
346200.0,344184.0
232200.0,283468.08
200000.0,177192.0
241500.0,246273.0
67500.0,70458.0
191700.0,169741.0
178300.0,172623.0
178200.0,181516.0
133200.0,121834.0
273800.0,273904.0
152200.0,164023.0
187100.0,225497.0
137500.0,164263.02
110400.0,139246.0
240600.0,258630.04
162500.0,152909.02
83800.0,111318.0
265600.0,269583.0
211500.0,229111.0
173400.0,172551.01
310000.0,299972.17
99500.0,94298.0
191400.0,198066.0
220100.0,189920.0
167300.0,189452.0
65000.0,71979.0
141800.0,154844.0
290600.0,336412.13
319200.0,357766.02
118800.0,107839.0
200000.0,194529.0
219500.0,214721.0
289400.0,331900.02
116400.0,123084.0
162300.0,155392.0
114100.0,120816.0
71300.0,77983.0
190500.0,200605.0
197300.0,192811.0
72200.0,66573.0
103300.0,148938.01
143000.0,97350.0
244900.0,245989.01
500001.0,354715.23
183300.0,117328.0
86100.0,164854.01
218400.0,229410.0
110800.0,100709.0
211300.0,191243.0
338800.0,319992.02
123100.0,152999.0
269500.0,128291.0
321400.0,336697.09
81900.0,112731.0
500001.0,498614.97
304600.0,310448.06
72900.0,96191.0
158000.0,161758.0
62200.0,66761.0
116300.0,103048.0
314100.0,111218.0
362500.0,305545.03
500001.0,431353.4
74100.0,83980.0
150000.0,128938.0
270000.0,276942.0
120800.0,112543.0
250000.0,269235.0
72200.0,75805.0
375000.0,198994.08
239600.0,244861.0
183300.0,251449.04
161200.0,186884.0
251000.0,259092.0
45500.0,63274.0
178100.0,237688.0
258900.0,310605.02
145800.0,148328.0
84700.0,83478.0
216700.0,188339.0
130400.0,116917.0
158500.0,144102.0
117800.0,125996.0
215000.0,213567.03
268600.0,223098.0
100000.0,117402.0
332700.0,408374.27
186700.0,193978.0
53000.0,61851.0
149700.0,152832.0
345800.0,342256.05
124500.0,127568.0
475800.0,438315.42
500001.0,382402.2
500001.0,500001.0
175900.0,165438.0
183300.0,203015.0
253100.0,311988.16
117800.0,138827.0
143500.0,147518.0
500001.0,446861.54
142300.0,104792.0
121000.0,131464.0
268800.0,284983.0
330200.0,307843.01
121800.0,141843.0
416900.0,379813.02
266700.0,300524.02
189400.0,174079.0
443600.0,311517.02
163000.0,164722.0
382500.0,324072.03
106300.0,126026.0
57800.0,80379.0
57500.0,74829.0
238000.0,275784.02
218900.0,221145.0
118600.0,111018.0
309100.0,297322.0
213200.0,195338.0
180200.0,185554.0
470800.0,420159.2
337200.0,143369.0
95300.0,105068.0
103900.0,123138.0
500001.0,220374.02
215000.0,226542.0
189400.0,191671.0
171400.0,167548.0
357000.0,334180.02
196200.0,190475.0
98500.0,99063.0
178800.0,203339.0
226600.0,240275.01
171400.0,193877.0
271400.0,241712.01
216800.0,260076.0
67900.0,108122.0
171300.0,148728.0
110900.0,178481.0
332500.0,243965.01
150000.0,128563.0
173400.0,190481.0
237500.0,281123.04
65800.0,68478.0
173100.0,190513.0
321200.0,317289.0
265000.0,272042.01
87500.0,92471.0
210300.0,215859.0
247800.0,256208.0
375700.0,420018.31
113700.0,124809.0
500001.0,428800.52
45600.0,51982.0
130600.0,93179.0
198600.0,270160.0
436700.0,464855.31
92600.0,132789.0
150000.0,129178.0
359900.0,341555.01
500001.0,488316.75
93800.0,205420.0
383300.0,366601.04
191700.0,149798.0
267200.0,270654.01
280200.0,217581.0
52100.0,53675.0
110200.0,105131.0
164600.0,115107.0
324800.0,382021.1
122700.0,155908.0
216700.0,276107.01
73600.0,99524.0
254100.0,291714.0
187500.0,154913.0
166000.0,177875.0
157900.0,170155.0
193800.0,182553.0
140800.0,147797.0
95300.0,85425.0
227000.0,309997.0
265600.0,341976.02
90200.0,140931.0
183200.0,198881.01
184600.0,160016.0
162500.0,146247.01
125000.0,138056.0
97200.0,110063.0
355300.0,311351.16
136200.0,150617.0
125000.0,186720.0
305600.0,312899.0
176600.0,152759.0
348600.0,353686.04
299200.0,238146.01
72100.0,111369.0
109500.0,126226.0
281100.0,270747.0
156300.0,186264.0
234200.0,214929.0
59700.0,69094.0
250000.0,291631.01
203300.0,239112.0
173100.0,208886.0
300300.0,294379.02
238000.0,239542.0
179000.0,195700.0
166000.0,173018.0
160700.0,172327.0
147500.0,168874.01
192100.0,184876.0
56400.0,47842.0
304800.0,316755.05
439800.0,390105.16
137500.0,119475.0
137500.0,140357.0
134600.0,163636.0
262500.0,268471.0
83400.0,93548.0
113500.0,92666.0
71400.0,99387.0
204500.0,236530.0
282400.0,344111.09
145700.0,154746.0
264700.0,329788.03
275000.0,278530.06
171600.0,171554.0
216700.0,232668.0
180700.0,183553.0
212500.0,102101.0
167700.0,150359.0
42500.0,51530.0
238400.0,242211.04
144000.0,94176.0
43600.0,53953.0
363500.0,297401.13
186200.0,198856.0
67500.0,63822.0
159600.0,233874.0
195600.0,191378.01
154800.0,183391.0
450700.0,429489.18
69900.0,63977.0
132200.0,144504.0
328000.0,346872.03
272800.0,284670.0
66300.0,149316.0
129300.0,142469.0
77100.0,68507.0
155500.0,133971.0
126000.0,148205.0
240300.0,230780.01
133000.0,139342.0
94900.0,104844.0
203900.0,268012.0
61000.0,63362.0
139200.0,130915.0
229200.0,236223.0
260600.0,283606.02
251100.0,303793.2
327600.0,244208.0
167900.0,189833.0
212000.0,245466.01
233300.0,224084.0
255400.0,270624.0
67500.0,90553.98
162000.0,222866.03
117200.0,133288.0
109700.0,123720.0
275000.0,128414.0
111800.0,130490.0
166000.0,251800.03
92700.0,84916.0
186000.0,204546.0
97300.0,142598.0
241300.0,320678.04
258500.0,253935.01
138200.0,160388.0
196100.0,217061.0
419200.0,475010.71
138800.0,161100.0
376600.0,444157.47
165100.0,184986.02
181800.0,186692.0
211800.0,158479.0
112500.0,120980.0
144300.0,120264.0
222000.0,211208.0
53600.0,54846.0
130800.0,144027.0
227600.0,252256.0
275000.0,369557.07
191900.0,186711.0
64100.0,68991.0
68100.0,113161.0
255200.0,275199.0
244100.0,273406.01
337000.0,277240.02
208300.0,199627.01
500001.0,486422.83
172100.0,191307.0
128900.0,82372.0
144900.0,154932.0
72000.0,57760.0
142900.0,144964.0
436100.0,277997.01
204200.0,192968.0
195700.0,210740.0
90500.0,113143.0
236100.0,175963.0
186900.0,197440.0
162500.0,149588.0
112500.0,122302.0
58000.0,57050.0
307400.0,426513.26
353800.0,437535.17
290900.0,284783.01
358600.0,370134.16
246200.0,215658.0
72100.0,99980.0
107500.0,125830.0
78600.0,82857.0
187600.0,201155.0
97900.0,119127.0
186600.0,192229.0
196900.0,203597.0
111500.0,83235.0
156300.0,195771.0
218200.0,264418.0
293500.0,464262.41
59000.0,109755.0
162800.0,168902.0
102900.0,103718.0
54300.0,68097.0
166300.0,153544.0
152500.0,186064.0
142600.0,158214.0
150000.0,132372.0
84400.0,101871.0
210000.0,238849.01
137500.0,134914.0
350000.0,266057.0
171900.0,135790.0
143100.0,165554.0
452300.0,388961.1
176000.0,163392.0
112700.0,123064.0
68400.0,77401.0
190700.0,191772.0
331800.0,387851.08
184000.0,171459.0
162500.0,125255.0
129400.0,143536.0
172800.0,146178.0
191100.0,172851.0
294900.0,290276.0
188600.0,198956.0
63800.0,71107.0
466100.0,453293.39
186800.0,186285.0
139300.0,139882.0
330300.0,368563.05
284800.0,254906.01
198800.0,221773.0
69300.0,77927.0
145500.0,146684.0
166200.0,168168.0
273800.0,270642.06
149000.0,142663.0
215400.0,240269.0
287800.0,368092.17
406300.0,264626.02
160300.0,180619.0
240000.0,294228.12
60900.0,119736.0
142300.0,159032.0
84800.0,97704.0
205400.0,245148.01
396800.0,367949.0
135400.0,187002.06
115400.0,135593.0
162500.0,230733.0
425000.0,250963.05
114300.0,100958.0
500001.0,499082.97
500001.0,488477.79
48700.0,58409.0
294700.0,264396.01
300500.0,289499.0
343200.0,257268.01
92000.0,159688.0
278100.0,277863.0
380900.0,397869.29
339800.0,271885.04
96800.0,107532.0
270000.0,248877.0
190000.0,211457.0
181300.0,173164.0
100600.0,97075.0
170800.0,129087.0
152700.0,136242.0
353600.0,334340.0
200000.0,306059.13
213400.0,227480.0
153100.0,132315.0
379700.0,333934.01
275000.0,238268.03
78600.0,107014.0
188300.0,242218.0
138000.0,157493.0
500001.0,497206.88
197400.0,175758.0
244600.0,266658.01
165300.0,180704.0
300400.0,288050.0
88200.0,117458.0
500001.0,494760.84
163100.0,142158.0
191900.0,205204.01
355300.0,336084.02
430300.0,328560.0
42700.0,58044.0
378100.0,355066.06
264000.0,221210.0
111900.0,139702.0
224500.0,209410.0
125000.0,135349.0
64100.0,74839.0
88400.0,93184.0
389200.0,371014.05
193800.0,125430.0
500001.0,382163.07
187500.0,408679.1
210300.0,199422.0
212800.0,229024.0
177500.0,199246.0
181300.0,120756.0
159500.0,170906.0
177500.0,166266.0
116100.0,116851.0
500001.0,352827.07
162500.0,163779.0
135500.0,162448.0
99600.0,120527.0
118500.0,117953.0
156900.0,142590.0
147200.0,140222.0
85800.0,73951.0
500001.0,338184.08
170900.0,158530.0
257900.0,388981.13
164300.0,176360.0
438900.0,417829.31
98000.0,105724.0
288700.0,307380.01
203200.0,221760.0
283600.0,278299.0
162500.0,276587.09
95300.0,115323.0
161700.0,153910.0
187500.0,176318.0
158000.0,158876.0
456100.0,372755.02
102900.0,101559.0
165400.0,205831.0
54400.0,53822.0
147200.0,143321.0
95000.0,101945.0
143000.0,272220.2
97200.0,117837.0
112900.0,123344.0
173300.0,195631.0
393100.0,299262.03
63000.0,84676.0
297300.0,288809.0
242100.0,205025.0
293900.0,379288.08
113100.0,100766.0
137200.0,133250.0
297100.0,168149.0
243500.0,237646.0
98800.0,97484.0
244800.0,242384.0
327800.0,278332.0
437500.0,394368.13
163500.0,144323.0
102400.0,128157.0
112200.0,108256.0
165900.0,191498.0
250000.0,244792.01
158100.0,190816.0
87500.0,101216.0
135000.0,138202.0
79500.0,113200.0
162100.0,111651.0
228400.0,203088.0
140600.0,168788.0
71300.0,175045.16
266300.0,253074.0
81300.0,82083.0
185000.0,241116.04
329300.0,393870.25
168800.0,147590.0
110400.0,135248.0
500001.0,340150.04
85700.0,99828.0
63300.0,56397.0
500001.0,500001.0
183800.0,186428.02
150700.0,139641.0
242900.0,260423.05
326700.0,336501.06
220400.0,187765.0
240700.0,219804.0
500001.0,491561.84
98400.0,111983.0
166900.0,189229.0
205400.0,226605.0
90100.0,97854.0
189800.0,145386.0
162500.0,118912.0
333700.0,247632.0
85100.0,78077.0
134400.0,126873.0
144600.0,187463.0
215000.0,183377.01
97500.0,127264.0
210000.0,227254.0
312000.0,336630.04
300000.0,267276.01
202400.0,218000.01
254100.0,316153.04
116000.0,120194.0
167000.0,177301.0
396900.0,312250.0
227000.0,186589.0
500001.0,413441.46
500001.0,490789.58
199000.0,219405.0
369100.0,370559.19
22500.0,72517.99
95700.0,104465.0
365900.0,446962.39
215800.0,220308.0
205500.0,190237.0
500001.0,406725.25
250800.0,220645.0
363600.0,404006.35
294200.0,315977.07
171400.0,149982.0
261300.0,296299.0
114900.0,122604.0
258400.0,207869.0
106300.0,92752.0
98900.0,96850.0
242000.0,209703.0
146100.0,172103.0
154600.0,181462.0
197500.0,158431.0
289600.0,296574.0
325700.0,311056.06
53300.0,55607.0
87800.0,89506.0
178300.0,185964.0
197100.0,206889.0
123400.0,153553.0
292900.0,332538.05
109800.0,126604.0
124200.0,122929.0
57300.0,55356.0
404700.0,321864.02
187500.0,221689.01
63700.0,76141.0
101200.0,123822.0
500000.0,471613.63
45500.0,63393.0
463500.0,315476.04
181300.0,281178.07
307400.0,265214.0
371800.0,417940.25
56000.0,71373.0
289300.0,217098.0
128200.0,144170.0
271400.0,265242.02
182100.0,187982.0
219400.0,231167.0
78400.0,80358.0
96100.0,112868.0
394700.0,402896.24
222500.0,225308.0
87500.0,99297.0
137500.0,146441.0
246100.0,198034.0
175700.0,174508.0
164100.0,142405.0
132800.0,121630.0
129200.0,65521.0
224100.0,199300.0
103900.0,94233.0
112800.0,103476.0
243800.0,335029.08
88600.0,87710.0
186100.0,244512.0
186100.0,114480.0
160900.0,145408.0
149200.0,148461.0
76400.0,78693.0
500001.0,328354.01
95600.0,127249.0
237500.0,345716.05
418300.0,363950.12
197500.0,172349.0
66400.0,67725.0
269000.0,393782.17
219000.0,321703.21
156900.0,167580.0
134200.0,166756.0
204200.0,165406.0
218800.0,311353.05
181800.0,281623.0
168500.0,195551.0
299200.0,254122.0
166000.0,157662.01
193500.0,164286.0
212500.0,217339.02
386200.0,279653.0
268400.0,263212.0
128100.0,220549.0
271200.0,289358.01
88400.0,109038.0
101500.0,101369.0
495500.0,388773.23
167300.0,158872.0
141300.0,197315.0
500001.0,499260.99
321300.0,367966.11
82100.0,79615.0
92900.0,114014.0
168000.0,169672.0
135000.0,149663.0
243100.0,265879.03
157100.0,119115.0
97900.0,115341.0
177700.0,177364.0
131800.0,117888.0
268800.0,360937.14
314300.0,238808.02
183600.0,225420.0
100000.0,60800.0
232200.0,230860.01
138100.0,140451.0
162500.0,163844.01
457300.0,327223.03
139200.0,154626.0
244500.0,267465.0
61600.0,58567.0
237000.0,212746.0
112500.0,117890.0
122300.0,98120.0
500001.0,307414.04
110100.0,153717.0
300900.0,364252.03
167500.0,137127.0
246400.0,238659.0
279300.0,364245.05
414000.0,291753.12
58700.0,55400.0
294900.0,340207.02
365200.0,366883.03
368300.0,337887.02
239200.0,216738.0
121400.0,189565.0
215000.0,253340.07
113900.0,127920.0
236400.0,232011.0
171700.0,168817.0
248500.0,212444.0
58200.0,63221.0
67800.0,91969.0
75700.0,79009.0
178000.0,173848.0
60400.0,61121.0
226100.0,272428.07
179500.0,208327.0
158200.0,212462.02
278600.0,237919.0
480800.0,382227.09
192300.0,174108.0
141700.0,119257.0
330800.0,260924.0
100000.0,89690.0
103200.0,126751.0
53500.0,58756.0
185700.0,152616.0
192900.0,198086.0
256000.0,306969.14
138500.0,143333.0
69600.0,104940.0
246800.0,286979.08
265900.0,285407.0
162500.0,129331.0
322700.0,380940.13
148900.0,206658.0
429000.0,424129.32
500001.0,471838.71
254100.0,244760.0
328100.0,274929.01
169100.0,204617.0
255400.0,231702.0
76400.0,86916.0
151400.0,200679.0
311100.0,294142.0
187500.0,274631.02
213200.0,236522.0
208300.0,181817.0
202800.0,223524.0
90100.0,98853.0
92400.0,124399.0
136500.0,104499.0
92200.0,105674.0
79400.0,83185.0
95500.0,104032.0
249200.0,282864.01
111700.0,133069.0
190600.0,214248.0
191800.0,186541.0
500001.0,462312.57
50800.0,69464.0
163500.0,113412.0
368900.0,349410.06
57000.0,65655.0
75000.0,138262.0
229000.0,247809.01
340900.0,284523.0
276600.0,339274.05
188400.0,186769.0
73900.0,78610.0
150000.0,183326.0
147100.0,130832.0
186300.0,187416.0
234900.0,257271.02
122500.0,129732.0
398900.0,328276.07
250000.0,346255.06
113600.0,158240.0
244800.0,238498.01
225000.0,227388.0
186900.0,287216.03
309700.0,339444.05
130600.0,154339.0
342300.0,289954.0
65000.0,69947.0
278900.0,205974.0
168800.0,257265.07
418400.0,317567.07
109000.0,145941.0
160100.0,168341.0
345000.0,331973.01
418800.0,401560.12
209100.0,193724.0
97500.0,92717.0
500001.0,476877.6
108600.0,95489.0
133300.0,169843.0
50900.0,60722.0
311600.0,323126.07
365500.0,343450.1
175000.0,239536.0
170300.0,139365.0
279500.0,272522.02
125900.0,181817.0
155700.0,166849.0
83300.0,88823.0
156300.0,243690.0
214800.0,251022.0
110300.0,70001.0
165000.0,116263.0
349500.0,297734.0
500001.0,500001.0
125700.0,122023.0
193100.0,207622.0
500001.0,495663.94
199600.0,239936.03
500001.0,410248.22
163400.0,165862.0
137500.0,161785.0
121500.0,142902.0
381200.0,350526.08
111900.0,140551.0
58000.0,88921.0
63800.0,88557.0
363200.0,329969.0
206400.0,239914.0
370800.0,291738.05
81800.0,91546.0
271500.0,274117.04
197000.0,213203.0
73400.0,73832.0
301700.0,352431.0
119600.0,166971.0
258100.0,224776.0
17500.0,242375.05
145700.0,213596.0
102000.0,95442.0
400000.0,328775.13
99200.0,96943.0
485400.0,341922.04
477100.0,477459.39
66900.0,57532.0
375400.0,452527.48
169600.0,230884.01
247600.0,296374.04
164700.0,169515.0
309400.0,315948.01
185300.0,214232.01
230200.0,272452.0
156100.0,159925.0
302500.0,305569.01
97800.0,110525.0
251300.0,266212.01
281300.0,298865.0
153100.0,125326.01
355600.0,349253.02
101300.0,100848.0
266000.0,232086.0
160700.0,125726.0
305800.0,306793.03
147500.0,112440.0
186300.0,185128.0
162600.0,184364.0
484700.0,459442.58
175000.0,236029.0
127200.0,133357.0
365100.0,250438.0
236500.0,200755.0
214000.0,243997.02
225800.0,300320.0
128900.0,118042.0
73500.0,143651.0
114700.0,160152.0
175000.0,216697.0
318100.0,223036.0
331200.0,324742.0
192500.0,213135.0
159500.0,135453.0
162700.0,164577.0
67300.0,101026.0
212900.0,193409.0
140600.0,158447.0
186500.0,146457.0
393200.0,414215.35
55300.0,66225.0
409800.0,385634.05
191800.0,245324.0
99500.0,119911.0
175000.0,138637.0
158000.0,145161.0
106900.0,102100.0
277200.0,237405.0
326700.0,329789.0
96000.0,67299.0
431800.0,497366.97
172200.0,189456.0
112500.0,131621.0
225000.0,85408.0
259500.0,246761.0
291500.0,276511.0
50400.0,65074.0
150000.0,247398.0
224600.0,236558.0
130600.0,146818.0
69700.0,86568.0
353000.0,314044.0
231200.0,317147.04
205100.0,165807.0
398100.0,388307.08
141300.0,151117.0
173300.0,134773.0
127900.0,120644.0
289500.0,251236.0
95900.0,115324.0
133400.0,172018.0
146800.0,182555.01
181300.0,222225.0
54600.0,79356.0
55500.0,55570.0
150000.0,192412.0
102800.0,103932.0
93300.0,104099.0
123100.0,144069.0
231800.0,125825.0
159500.0,169409.0
108300.0,98890.0
43100.0,53101.0
105600.0,96131.0
168300.0,182362.0
28300.0,168937.0
282900.0,289815.0
234300.0,223068.0
212500.0,103316.0
205600.0,205599.0
150000.0,164256.0
193000.0,170535.0
14999.0,238062.0
170000.0,177661.0
168300.0,176110.0
93500.0,113744.0
191800.0,219320.01
181500.0,214185.0
195400.0,227366.03
121900.0,172287.0
142600.0,174305.02
158300.0,153698.0
165300.0,150858.0
155000.0,145583.0
92100.0,108717.0
68100.0,65822.0
276300.0,251609.01
335200.0,406722.23
121100.0,159380.01
177100.0,136908.0
187500.0,150585.0
192000.0,205653.0
301200.0,311159.03
159100.0,154789.0
500001.0,500001.0
273700.0,304132.01
233900.0,261457.0
500001.0,289736.07
222800.0,254201.0
140200.0,144366.0
159800.0,162053.0
118800.0,144785.0
500001.0,367599.08
105500.0,147634.0
217800.0,207166.0
187500.0,214064.0
287300.0,374303.09
131000.0,118768.0
55800.0,65640.0
161900.0,181948.0
253600.0,226253.05
155000.0,160249.0
311500.0,293423.0
87800.0,70013.0
105800.0,118185.0
137000.0,161919.0
156300.0,159092.0
154700.0,148489.0
167400.0,152071.0
457800.0,422463.35
500001.0,404243.24
188300.0,267400.0
442900.0,300007.01
500001.0,500001.0
500001.0,483449.8
187500.0,214747.0
57400.0,57766.0
387500.0,326784.06
272000.0,311288.04
167600.0,141444.0
403700.0,310400.04
191700.0,149411.0
500001.0,274545.01
187100.0,187619.0
96400.0,130305.0
92400.0,129165.0
213900.0,196977.0
155000.0,230192.0
133000.0,165234.0
275000.0,184329.0
238500.0,204992.0
158300.0,143949.0
70500.0,82961.0
222300.0,199005.0
411900.0,371099.04
185100.0,197943.0
500001.0,339270.24
139800.0,131555.0
178100.0,187452.0
159300.0,166954.0
125000.0,108095.0
197100.0,280790.02
64000.0,68593.0
194600.0,211059.0
162500.0,160439.0
84400.0,62033.0
61300.0,138542.0
368200.0,330444.1
122100.0,125106.0
86100.0,88544.0
209900.0,227593.0
170800.0,159224.0
175000.0,176302.0
126600.0,114151.0
282200.0,249701.0
207700.0,248603.0
104200.0,173865.0
214300.0,235573.01
80300.0,73866.0
273100.0,221015.04
237500.0,264720.0
73800.0,99777.99
184400.0,175197.0
342000.0,405157.25
129700.0,127183.0
224000.0,253364.0
156900.0,127040.0
394900.0,297892.01
157700.0,189416.0
119900.0,121569.0
316900.0,383202.04
212500.0,278853.0
68300.0,66378.0
165100.0,167761.0
93600.0,98848.0
88800.0,92517.0
184700.0,219592.0
327100.0,344069.04
134300.0,122518.0
500001.0,264603.0
162100.0,183888.0
500001.0,500001.0
229200.0,246824.0
112500.0,76730.0
354200.0,325153.0
362100.0,356699.03
162500.0,80002.0
100500.0,115087.0
67700.0,93474.0
57100.0,55808.0
164800.0,219937.01
204200.0,226257.0
342400.0,299720.02
181500.0,158254.0
304500.0,332383.08
235300.0,249854.0
105300.0,219035.0
291400.0,351852.12
159600.0,202020.01
111800.0,134342.0
119600.0,125321.0
329700.0,236733.11
136700.0,167073.0
101400.0,96806.0
118600.0,113586.0
133300.0,145816.0
52500.0,57432.0
234600.0,269234.02
75000.0,98801.0
176300.0,173586.0
346800.0,315617.01
251800.0,237675.0
54200.0,64118.0
67500.0,137736.0
142500.0,150216.0
101600.0,116123.0
227300.0,336043.03
337200.0,341425.03
118800.0,281876.0
67500.0,86631.0
202000.0,211383.0
94200.0,93834.0
96200.0,99716.0
225000.0,260621.01
258700.0,206445.0
103100.0,140591.01
117200.0,137484.0
164800.0,137076.0
144000.0,154981.0
500001.0,420185.39
155400.0,164654.0
114700.0,126963.0
123100.0,142013.0
226800.0,215647.0
180400.0,164069.0
310900.0,327933.03
148800.0,164189.0
84700.0,100367.0
63700.0,68475.0
262000.0,236049.0
438100.0,429858.39
226500.0,233383.0
87600.0,87703.0
345500.0,362080.03
140100.0,122438.0
366700.0,318036.03
270800.0,239527.01
168800.0,220743.0
293800.0,277570.06
251800.0,268399.0
85100.0,77554.0
267500.0,290574.0
140900.0,156052.0
285500.0,200445.0
151300.0,147629.0
225000.0,355386.07
44600.0,78831.0
450000.0,219180.01
229300.0,267113.0
225000.0,85411.0
138000.0,168293.0
96900.0,75555.0
161200.0,205778.01
144300.0,157540.0
450000.0,346619.31
122500.0,114693.0
248700.0,220568.0
134200.0,145184.0
348100.0,338262.02
78300.0,103950.0
107800.0,96148.0
146900.0,138153.0
188300.0,211958.0
162500.0,193046.01
58600.0,63502.0
183700.0,199069.0
180400.0,211838.04
175000.0,171185.0
137200.0,199239.0
110000.0,295661.06
233400.0,229676.0
128300.0,130405.0
350000.0,274491.11
155200.0,168198.0
256700.0,232345.0
85900.0,98598.0
73200.0,80589.0
258300.0,262095.0
62800.0,62312.0
485000.0,301457.16
124000.0,145263.0
158500.0,191607.0
97300.0,103499.0
186700.0,202762.0
344100.0,348117.01
166700.0,164899.0
108900.0,112545.0
482900.0,386787.42
204400.0,271132.0
230700.0,269674.0
53000.0,65910.0
178500.0,192488.02
500001.0,355041.08
500001.0,414092.6
84900.0,70259.0
500001.0,402712.1
246800.0,257857.0
156300.0,147223.0
234600.0,156680.0
48800.0,63899.75
145800.0,132601.0
271500.0,276503.0
500001.0,352789.13
87500.0,134868.0
69100.0,57130.0
139300.0,131807.0
273400.0,260427.03
229700.0,239351.0
68200.0,65562.0
114300.0,131471.0
159900.0,220028.0
116600.0,100309.0
209900.0,224190.0
68900.0,63643.0
101400.0,112897.0
214000.0,187670.0
355300.0,351957.08
90300.0,119659.0
159300.0,167110.0
63900.0,68347.0
218200.0,251900.0
253600.0,242138.0
81300.0,128367.0
188600.0,216462.0
165400.0,239387.0
106300.0,149028.0
210100.0,216124.0
147600.0,144101.0
112500.0,244307.02
175000.0,177556.0
156600.0,167723.0
117300.0,137758.0
229200.0,224357.0
350000.0,208997.0
171900.0,157447.0
199300.0,198641.0
251600.0,278057.03
300000.0,292589.04
158900.0,170742.0
216800.0,263373.0
198000.0,239903.0
356100.0,364146.05
192300.0,178284.0
314500.0,277938.0
50000.0,61528.0
162500.0,195792.0
167100.0,172345.0
138800.0,127213.0
147600.0,160950.0
238500.0,207606.0
110700.0,117843.0
333800.0,327541.05
192100.0,214582.0
294000.0,249488.0
154500.0,161777.0
151900.0,162811.0
500001.0,500001.0
322900.0,276751.01
165600.0,210551.0
221200.0,229182.0
170400.0,193987.0
198700.0,215541.0
162500.0,158595.01
411200.0,428608.14
335500.0,315007.04
149100.0,148849.0
381500.0,423790.11
183900.0,185040.03
91200.0,135317.0
411500.0,358773.05
220300.0,223103.0
158100.0,152807.0
69600.0,77784.0
270500.0,294651.03
261600.0,224391.0
389500.0,357048.16
75000.0,114812.97
177600.0,214193.0
170400.0,147023.0
154200.0,144882.0
131900.0,147349.0
44400.0,58877.0
145000.0,148459.0
224100.0,275589.05
187500.0,160140.0
192900.0,225124.01
88600.0,93868.0
183900.0,175991.0
225000.0,265419.0
182800.0,143202.0
137600.0,156343.0
265300.0,262772.0
36600.0,64878.0
125500.0,152702.0
138600.0,161945.0
487100.0,352075.05
178600.0,169632.0
134500.0,154740.0
306700.0,374618.07
115800.0,134791.01
91400.0,113011.01
210900.0,197468.0
259200.0,276128.0
347300.0,377639.06
168400.0,130815.0
150900.0,141863.0
113500.0,112679.0
302600.0,292415.04
423300.0,361476.44
492200.0,455284.31
190600.0,189116.0
245000.0,165084.0
55700.0,82113.0
84000.0,96802.0
275000.0,281713.02
189600.0,181548.0
275900.0,240331.0
319800.0,346742.03
291700.0,229281.0
67900.0,66219.0
189000.0,189351.0
90000.0,142256.0
335000.0,257626.0
176700.0,184124.0
98500.0,116209.0
200600.0,193049.0
60200.0,61637.0
191900.0,208088.0
191100.0,201819.0
337300.0,332938.02
225000.0,317961.03
290600.0,226609.0
121500.0,135401.0
293200.0,340784.07
107000.0,134343.0
266400.0,263579.04
76900.0,111300.0
220300.0,156357.0
101100.0,108709.0
474600.0,420553.19
65300.0,90153.0
113700.0,119118.0
214200.0,193219.0
216700.0,214739.0
198400.0,208985.0
212200.0,189270.0
222700.0,411547.18
265900.0,239956.0
37500.0,80197.97
265000.0,281804.01
108700.0,120059.0
46700.0,51018.0
187500.0,242815.04
61600.0,75196.0
343000.0,322274.0
166000.0,179516.0
500001.0,342145.05
137500.0,192074.0
90600.0,100336.98
77000.0,81722.0
148100.0,155974.0
91600.0,126912.0
150900.0,187674.0
155100.0,165269.0
89200.0,87500.0
215400.0,159537.01
55100.0,68726.0
197400.0,193707.0
154400.0,176768.0
141700.0,145984.0
98400.0,98174.0
152600.0,165328.0
109600.0,115872.0
171300.0,181245.0
104100.0,95122.0
153900.0,157220.0
270000.0,259378.0
286500.0,296527.03
335000.0,262395.02
137700.0,152560.0
232000.0,227958.01
393800.0,371085.14
70300.0,86206.0
141700.0,161986.0
156300.0,158070.0
450000.0,321139.02
199800.0,200991.0
95300.0,111984.0
86900.0,104773.0
187500.0,173267.0
221800.0,276613.01
58800.0,59516.0
134400.0,173764.01
238600.0,266342.0
160900.0,173410.0
136400.0,171081.0
144000.0,165369.0
159300.0,185512.0
155300.0,170168.0
142600.0,159151.0
120700.0,110831.0
126200.0,164055.0
213400.0,211550.0
116900.0,139478.0
185800.0,179152.0
356000.0,399353.03
150000.0,121866.0
88900.0,81829.0
259100.0,273013.0
500001.0,417487.15
127600.0,113769.0
69900.0,103594.0
137000.0,189214.0
273700.0,279333.0
92000.0,96467.0
118300.0,162410.0
410800.0,477271.68
100500.0,104812.0
492900.0,403002.19
118500.0,123461.0
113500.0,121185.0
89900.0,117667.0
500001.0,433396.41
500001.0,499499.97
146300.0,282050.04
113500.0,115126.0
275000.0,301691.02
102500.0,130145.0
147100.0,183609.0
225000.0,191079.0
139400.0,202398.0
175800.0,193073.0
57000.0,74800.0
269600.0,193492.0
272900.0,293853.0
76200.0,83803.0
484100.0,448455.2
180600.0,157616.0
238000.0,193666.0
137500.0,137397.01
186300.0,152319.0
192900.0,230445.02
84500.0,65401.0
107600.0,146259.0
55500.0,67554.0
265300.0,243811.0
388300.0,388228.21
482700.0,382731.09
198100.0,260903.0
92700.0,73421.0
346200.0,325124.0
38800.0,64837.0
56700.0,71497.0
123700.0,177976.0
93800.0,99116.0
93200.0,111796.0
44000.0,68213.0
69200.0,98362.0
301800.0,324978.02
254200.0,273627.03
209800.0,251606.0
184500.0,212403.0
73400.0,96884.0
339000.0,357367.04
93100.0,94171.0
202300.0,176309.0
133300.0,87677.0
270700.0,274808.01
240200.0,269731.01
139300.0,124326.0
57000.0,70545.0
170700.0,130902.0
119200.0,105403.0
177300.0,214045.0
289600.0,355028.02
297600.0,227047.0
109900.0,111442.0
147500.0,137694.0
78700.0,98875.0
160300.0,192650.0
77700.0,103015.0
473500.0,451221.46
500001.0,487260.7
133100.0,140347.0
93500.0,80131.0
280100.0,301205.02
256700.0,243801.1
288000.0,283048.04
161100.0,167522.0
137000.0,156759.0
62000.0,73629.0
443800.0,465680.38
68300.0,68562.0
262100.0,289740.03
109400.0,105795.0
409300.0,391169.13
175200.0,245066.0
147700.0,156305.0
287500.0,233028.0
93200.0,128983.0
93800.0,155179.0
172400.0,185861.02
318600.0,339038.03
185200.0,163567.0
65200.0,66146.0
179700.0,117631.0
159200.0,165832.0
151900.0,170114.0
71700.0,108829.0
245200.0,161222.0
228300.0,313453.01
196400.0,234750.0
192400.0,211181.0
65900.0,64109.0
282300.0,200518.0
185300.0,193085.0
88600.0,113224.0
67500.0,77618.0
143400.0,109891.0
119400.0,112264.0
215800.0,241391.06
257400.0,264553.0
373400.0,292399.14
152300.0,163445.02
245700.0,302053.04
80000.0,68424.0
137200.0,126837.01
266900.0,263757.0
395300.0,357092.06
222100.0,214602.0
500001.0,310853.06
500001.0,347615.04
232900.0,245671.0
259700.0,257698.01
215700.0,193854.0
243200.0,246032.0
221400.0,185304.0
112500.0,106867.0
388500.0,262110.04
410000.0,361760.15
163000.0,181504.0
500000.0,385235.27
231300.0,198561.01
76100.0,78982.0
458600.0,338299.06
366300.0,362407.05
296800.0,204465.01
58600.0,58083.0
84800.0,104384.0
117300.0,191010.0
126600.0,112496.0
170800.0,182847.0
149300.0,115871.0
119000.0,118767.0
375000.0,355745.08
284900.0,296480.01
170100.0,146455.0
500001.0,311177.07
98700.0,139969.0
60800.0,79431.0
142800.0,141763.0
223900.0,249670.0
137500.0,214435.0
297800.0,299005.01
112700.0,119900.0
113300.0,105504.0
121400.0,148701.0
248400.0,258279.0
407800.0,412033.22
356600.0,299126.01
106300.0,102007.0
121400.0,117190.0
240900.0,194938.0
247100.0,212386.0
137900.0,92876.0
86300.0,71013.0
500001.0,334348.03
216300.0,225203.0
305600.0,279949.04
158300.0,226138.01
452100.0,374379.15
95000.0,109792.01
105700.0,83977.0
84600.0,74155.0
240100.0,183798.01
162500.0,140718.0
96600.0,110619.0
92200.0,97258.0
228200.0,248197.04
113700.0,146333.0
69000.0,55546.0
500001.0,413491.42
225000.0,189815.0
174000.0,150651.0
500001.0,455574.59
253000.0,302760.02
277600.0,388295.14
285200.0,303936.0
90300.0,105718.0
189900.0,178116.0
316600.0,265915.02
301900.0,282569.04
93100.0,101663.0
94200.0,97093.0
213800.0,200724.0
187500.0,183543.0
500001.0,462733.67
325700.0,326380.02
300000.0,281207.09
143900.0,140558.0
500001.0,487620.84
264100.0,324755.05
62300.0,81449.0
138800.0,131747.0
105400.0,117936.0
63500.0,69661.0
500001.0,201395.0
97800.0,114194.0
127400.0,138816.0
135300.0,144035.0
156100.0,133401.0
446800.0,466091.44
65000.0,89377.0
151800.0,157553.0
192200.0,172106.0
153100.0,192100.0
165800.0,170934.0
254200.0,237334.0
234200.0,252048.0
112500.0,79186.0
118700.0,82207.0
240900.0,216863.0
283300.0,356298.07
450000.0,229877.26
52100.0,57493.0
55900.0,65309.0
88100.0,122170.0
248900.0,247572.0
68600.0,140376.0
156300.0,166125.0
272700.0,289693.0
340400.0,345748.03
218800.0,189415.0
70100.0,78884.0
500001.0,370070.24
162500.0,182841.0
111800.0,112253.0
110200.0,112982.0
74200.0,60766.0
103200.0,127779.0
172100.0,184833.0
132000.0,108803.0
166300.0,120194.0
107300.0,107007.0
107900.0,99592.0
94600.0,89644.0
66100.0,93550.0
158200.0,168922.0
95800.0,107706.0
117000.0,112893.0
170900.0,182380.0
92900.0,92198.0
162500.0,169022.0
193800.0,173268.0
134600.0,113823.0
123100.0,94432.0
115700.0,116943.0
83500.0,96072.0
62200.0,68647.0
74400.0,83542.0
180100.0,190342.0
195800.0,210416.01
500001.0,480315.76
144300.0,127852.0
125400.0,100177.0
80800.0,90987.0
65900.0,75418.0
157900.0,168455.0
500001.0,308673.07
180800.0,242542.0
236200.0,264525.01
103000.0,120314.0
216900.0,195046.0
383300.0,285692.04
500001.0,302217.04
83500.0,78489.0
214400.0,188242.0
100000.0,89159.0
78800.0,101589.0
97600.0,100172.0
178400.0,213992.01
287100.0,320392.07
270100.0,322431.05
185500.0,243015.04
90600.0,107534.0
213600.0,194693.0
124300.0,126667.0
205000.0,171401.01
256700.0,259362.0
392700.0,447421.36
133300.0,165883.0
187100.0,189485.0
255400.0,323007.09
347400.0,331997.06
171700.0,153821.0
112500.0,123120.0
82600.0,89268.0
48600.0,51005.0
134100.0,136417.0
225800.0,211477.0
500001.0,478841.58
470000.0,420661.21
225800.0,245336.01
158000.0,203567.0
117100.0,122094.0
416300.0,409310.08
120800.0,115005.0
226300.0,222553.0
122200.0,121767.0
100000.0,98741.0
229500.0,228470.0
195800.0,87682.0
85000.0,237297.22
264700.0,194905.0
455500.0,417882.17
176000.0,172466.0
81100.0,91968.0
166400.0,182040.0
82600.0,83954.0
272200.0,233506.0
271100.0,287642.01
239400.0,261082.03
171800.0,174682.0
121800.0,88498.0
173600.0,150300.0
239300.0,218270.0
58800.0,71486.0
287500.0,216111.0
70700.0,133497.0
181700.0,189430.0
113700.0,120251.0
224100.0,225618.0
351300.0,392314.0
301300.0,338558.1
80700.0,184599.0
152600.0,164579.0
237400.0,245156.0
179400.0,200943.0
500001.0,456091.59
170200.0,213045.0
165300.0,146441.0
225900.0,257406.01
159700.0,157662.0
363500.0,393896.2
132100.0,150787.0
376800.0,431494.33
96900.0,92378.0
316200.0,401373.07
323800.0,335398.0
387500.0,452995.54
149100.0,156869.0
500001.0,500001.0
225000.0,162708.04
178800.0,192755.0
87500.0,97643.0
130100.0,111771.0
500001.0,447353.28
349000.0,288397.02
73000.0,75221.0
244700.0,320276.1
275400.0,249204.0
246200.0,235477.0
236200.0,243304.0
232200.0,330536.01
53300.0,85909.0
163100.0,162200.0
72400.0,78924.0
234500.0,211749.0
150000.0,134169.0
116100.0,118333.0
181300.0,182289.0
121000.0,137517.0
88700.0,114094.0
182500.0,192085.0
197400.0,212576.0
128100.0,125246.0
76500.0,98524.0
300000.0,314960.04
500001.0,445252.16
160300.0,156127.0
335600.0,328568.02
157600.0,143558.01
190600.0,204269.0
180800.0,256011.09
104200.0,95482.02
111800.0,125217.0
194100.0,198966.0
253800.0,335495.12
129500.0,218179.0
117600.0,116002.0
339800.0,369916.16
342900.0,374506.02
195500.0,187617.0
83800.0,80761.0
94200.0,103808.0
140600.0,126143.0
160900.0,226521.0
169300.0,190905.0
275900.0,274650.05
146200.0,172589.0
202300.0,184008.0
154000.0,167686.0
135500.0,145718.0
235900.0,248969.0
128800.0,120262.0
249600.0,214442.0
300000.0,275662.04
134100.0,165248.0
308600.0,389531.15
350000.0,347282.02
110800.0,138260.0
190800.0,198965.02
108800.0,116880.0
144400.0,149154.0
162900.0,166313.0
163900.0,172293.0
98000.0,90215.0
132700.0,149697.0
283100.0,238801.0
407200.0,354892.03
248200.0,266769.0
64500.0,88261.0
500001.0,321285.07
194400.0,258746.01
137500.0,162202.0
127300.0,153960.0
85300.0,78429.0
194900.0,201506.0
221100.0,217417.01
192200.0,183416.0
404500.0,380852.1
73500.0,79012.0
233700.0,200756.0
118800.0,103749.0
70000.0,89426.0
182800.0,194309.0
500001.0,498768.94
157700.0,152831.0
247900.0,220322.02
500001.0,431772.25
357900.0,269569.08
56900.0,67459.0
302400.0,324838.01
125400.0,142430.0
386400.0,283767.0
175600.0,167613.0
110500.0,108869.0
386700.0,456259.4
137500.0,138353.0
228700.0,273085.01
149400.0,181365.0
73700.0,74081.0
500001.0,302321.06
132100.0,115784.0
86500.0,102915.0
417900.0,308525.05
172600.0,160785.0
99700.0,81986.0
72500.0,113549.0
180800.0,233959.02
308400.0,266072.0
288300.0,299821.03
302200.0,253652.07
288800.0,363512.08
100000.0,113587.0
233000.0,216296.01
136900.0,155327.0
209400.0,261862.01
246600.0,285549.01
65200.0,65604.0
491200.0,350072.06
356700.0,344683.11
164300.0,195720.0
88200.0,85966.0
155900.0,143547.0
191700.0,154150.0
84400.0,180001.0
190100.0,225033.0
112500.0,90673.0
115200.0,165218.0
174600.0,187840.0
113500.0,146143.0
152400.0,220568.0
250300.0,208612.0
183700.0,197695.0
500001.0,376875.17
310900.0,328703.01
230600.0,211595.0
68500.0,64735.0
267400.0,321847.01
145300.0,195707.0
282000.0,291266.0
282100.0,135688.0
189800.0,257801.0
254400.0,233283.0
161700.0,171935.0
188800.0,165386.0
500001.0,317084.06
94400.0,92514.0
342800.0,347592.01
191500.0,257237.0
209600.0,229517.01
235000.0,237310.01
231400.0,324195.05
130200.0,160500.0
208200.0,224105.0
500001.0,500001.0
168600.0,183239.01
228100.0,235647.01
126900.0,160893.0
135500.0,150239.0
156700.0,152161.0
208600.0,197441.0
436700.0,260129.0
71000.0,49495.0
88800.0,93784.0
341600.0,366795.08
120200.0,107369.0
148200.0,140370.0
500001.0,436137.27
375000.0,267873.03
137500.0,116657.0
64800.0,113167.0
231800.0,273639.02
160700.0,156786.0
251000.0,247242.01
142500.0,226064.0
176500.0,177412.0
177100.0,207392.0
311800.0,355119.09
84600.0,136152.0
122600.0,130583.0
198200.0,201399.0
500000.0,375959.23
279800.0,346870.1
195000.0,222432.0
202800.0,188956.0
354100.0,328461.0
259500.0,217088.0
500001.0,280353.11
272400.0,276870.0
183900.0,210677.02
285800.0,270944.0
225000.0,279251.0
292600.0,277233.0
55200.0,52681.0
262000.0,177060.0
158900.0,174741.01
172100.0,179509.0
191700.0,200392.0
225000.0,228454.0
108300.0,115635.0
113600.0,100105.0
100000.0,127462.0
191700.0,235667.0
117200.0,87852.0
110600.0,100750.0
80200.0,89463.0
98100.0,123851.0
253800.0,281080.01
48100.0,52798.0
192800.0,155966.0
132800.0,132154.01
196300.0,175010.0
320800.0,260678.02
319400.0,305777.02
203700.0,266170.01
207100.0,271489.0
79900.0,110381.0
500001.0,423019.47
330000.0,255647.0
139000.0,169620.0
187500.0,200181.0
448300.0,272375.01
176300.0,182019.0
175900.0,105235.0
104200.0,96009.0
162200.0,155409.0
166800.0,185701.0
161200.0,163019.0
153100.0,189013.0
156900.0,152703.0
158100.0,182920.0
76900.0,69008.0
165400.0,181541.0
73500.0,164239.0
118400.0,90583.0
142400.0,137606.0
280300.0,289334.0
107200.0,143328.0
183300.0,172065.0
98800.0,73547.0
234500.0,193588.0
143500.0,182249.0
108000.0,152734.0
97800.0,105677.0
70500.0,79248.0
225900.0,184251.0
239800.0,288370.02
136400.0,198803.0
180600.0,181745.0
239600.0,249036.0
265700.0,268503.0
204200.0,194524.0
122500.0,154770.0
204000.0,338768.26
195300.0,211770.0
215800.0,235772.0
500001.0,385238.22
75800.0,77664.0
265400.0,292771.01
273700.0,378486.18
116400.0,113173.0
59400.0,70725.0
137000.0,118474.0
119200.0,75159.0
244200.0,237803.02
170000.0,195470.0
280300.0,326393.08
285000.0,317773.21
102600.0,191531.0
120500.0,103926.0
361600.0,401224.11
455300.0,421504.18
213400.0,220805.0
158000.0,205082.0
217000.0,192424.0
63700.0,62606.0
244300.0,298064.0
151100.0,164151.0
110800.0,116441.0
433800.0,479445.7
72900.0,94920.0
108500.0,134426.0
452600.0,431942.36
467600.0,486196.72
263300.0,211226.0
266800.0,238094.0
500001.0,496875.95
72300.0,69818.0
151500.0,170094.0
